range,bubble,insertion,selection,merge
5000,0.062990,0.031193,0.034848,0.002120
5000,0.060374,0.029646,0.034474,0.002045
5000,0.068646,0.037242,0.034624,0.002035
5000,0.065757,0.033758,0.034085,0.001972
5000,0.061991,0.032653,0.034070,0.003321
5000,0.065778,0.029836,0.034508,0.002073
5000,0.061680,0.034203,0.035765,0.002032
5000,0.064748,0.031015,0.035177,0.003264
5000,0.061948,0.030342,0.034395,0.001983
5000,0.062013,0.033087,0.035598,0.002013
5000,0.063272,0.032761,0.035076,0.003038
5000,0.074688,0.033336,0.034987,0.001993
5000,0.064214,0.032511,0.034521,0.003161
5000,0.063116,0.035326,0.033824,0.002019
5000,0.065115,0.034122,0.034965,0.002055
5000,0.063590,0.030685,0.034653,0.002057
5000,0.060643,0.031638,0.034398,0.002771
5000,0.065744,0.030720,0.034574,0.002010
5000,0.059247,0.033145,0.034795,0.002014
5000,0.061186,0.032066,0.034005,0.003147
5000,0.064948,0.029259,0.035894,0.002061
5000,0.062452,0.032520,0.034771,0.002039
5000,0.061038,0.031782,0.033899,0.002066
5000,0.065418,0.031256,0.034625,0.002062
5000,0.060657,0.032455,0.035451,0.002022
5000,0.060045,0.036483,0.034003,0.003249
5000,0.063480,0.029604,0.034657,0.002155
5000,0.061019,0.033434,0.035891,0.002047
5000,0.060143,0.033017,0.033926,0.002494
5000,0.068241,0.034976,0.037034,0.003379
5000,0.073427,0.041081,0.036669,0.003193
5000,0.078448,0.038529,0.037730,0.003317
5000,0.076788,0.043074,0.035978,0.002059
5000,0.068944,0.031391,0.033837,0.002362
5000,0.062465,0.030543,0.035086,0.002041
5000,0.062622,0.029627,0.035837,0.002036
5000,0.071904,0.030430,0.036361,0.002077
5000,0.065251,0.033122,0.035244,0.002027
5000,0.064225,0.035584,0.037620,0.002809
5000,0.073380,0.033387,0.035491,0.002394
5000,0.060935,0.032232,0.033980,0.003099
5000,0.063142,0.030312,0.035279,0.002004
5000,0.062368,0.034621,0.035360,0.002171
5000,0.062473,0.034343,0.034258,0.002319
5000,0.063666,0.030989,0.034364,0.002113
5000,0.067823,0.032643,0.034448,0.002107
5000,0.058567,0.034011,0.034639,0.003136
5000,0.062735,0.031518,0.034546,0.002015
5000,0.063070,0.032156,0.034966,0.002064
5000,0.062407,0.032851,0.033993,0.002701
10000,0.279137,0.125173,0.139213,0.004483
10000,0.277094,0.127755,0.139676,0.005284
10000,0.284607,0.122267,0.139383,0.004081
10000,0.285860,0.122988,0.138545,0.004191
10000,0.285554,0.124333,0.140172,0.004231
10000,0.291040,0.125243,0.143255,0.006089
10000,0.284997,0.151710,0.138976,0.006395
10000,0.302656,0.154330,0.138513,0.004618
10000,0.281792,0.128031,0.139103,0.004183
10000,0.291371,0.125280,0.139278,0.005159
10000,0.286043,0.129002,0.139239,0.005175
10000,0.313396,0.129620,0.148738,0.004173
10000,0.279400,0.125888,0.138548,0.004130
10000,0.282476,0.126338,0.146217,0.004403
10000,0.300734,0.140087,0.141602,0.004210
10000,0.287025,0.163967,0.150107,0.005447
10000,0.308691,0.127559,0.141464,0.004205
10000,0.287212,0.151055,0.142158,0.004149
10000,0.279560,0.127438,0.140901,0.004093
10000,0.293839,0.129132,0.139794,0.005680
10000,0.277499,0.123334,0.140661,0.004507
10000,0.293559,0.127991,0.139475,0.004413
10000,0.283068,0.130450,0.142169,0.004368
10000,0.280440,0.143077,0.139561,0.005090
10000,0.285835,0.126919,0.139435,0.004078
10000,0.278382,0.129588,0.139065,0.004097
10000,0.278329,0.130650,0.139151,0.004080
10000,0.284371,0.123631,0.138259,0.005565
10000,0.288125,0.129952,0.138851,0.005476
10000,0.281642,0.132897,0.139440,0.004074
10000,0.287025,0.127904,0.139960,0.004385
10000,0.290035,0.147628,0.141764,0.004236
10000,0.289576,0.125257,0.141699,0.004250
10000,0.304850,0.126348,0.141847,0.004821
10000,0.280683,0.124397,0.138854,0.004145
10000,0.291256,0.133205,0.140362,0.004082
10000,0.275676,0.128904,0.139666,0.004173
10000,0.295533,0.132364,0.140815,0.004305
10000,0.289254,0.141673,0.139587,0.006589
10000,0.281243,0.126347,0.139981,0.004080
10000,0.295947,0.125512,0.139023,0.004163
10000,0.281331,0.126751,0.142838,0.006051
10000,0.300353,0.123164,0.140728,0.004160
10000,0.283244,0.126033,0.138187,0.005214
10000,0.296053,0.134554,0.140423,0.004344
10000,0.280669,0.128112,0.139981,0.004322
10000,0.312320,0.126131,0.137732,0.004157
10000,0.292028,0.130048,0.139945,0.005318
10000,0.292474,0.127825,0.140134,0.004153
10000,0.287900,0.126334,0.138448,0.004939
15000,0.660747,0.333901,0.327433,0.006130
15000,0.702581,0.334262,0.318443,0.006302
15000,0.691489,0.304330,0.317549,0.006118
15000,0.694456,0.300485,0.326197,0.006570
15000,0.691684,0.289402,0.325288,0.006150
15000,0.691723,0.308134,0.324157,0.006454
15000,0.694549,0.293953,0.319019,0.008740
15000,0.693667,0.300888,0.318671,0.006112
15000,0.701795,0.297552,0.318181,0.006793
15000,0.714361,0.285142,0.322764,0.008216
15000,0.706901,0.285439,0.318704,0.007475
15000,0.673121,0.315969,0.323826,0.008892
15000,0.690704,0.289737,0.329979,0.006153
15000,0.714897,0.294540,0.318203,0.008765
15000,0.721015,0.289370,0.311312,0.009486
15000,0.672918,0.283214,0.312935,0.007775
15000,0.665000,0.282887,0.314077,0.006078
15000,0.701589,0.288226,0.320148,0.007902
15000,0.682700,0.331255,0.314705,0.006247
15000,0.705231,0.296769,0.311037,0.006015
15000,0.693383,0.281774,0.313544,0.005945
15000,0.710714,0.351543,0.326349,0.008548
15000,0.785268,0.296845,0.328023,0.006406
15000,0.690559,0.300203,0.322462,0.008335
15000,0.766013,0.308668,0.312547,0.008582
15000,0.715336,0.332843,0.316091,0.006142
15000,0.701242,0.291897,0.316568,0.006458
15000,0.714533,0.367725,0.331516,0.006780
15000,0.755959,0.322636,0.322799,0.006094
15000,0.685284,0.311359,0.311400,0.009091
15000,0.682141,0.345441,0.328731,0.006177
15000,0.711191,0.332386,0.340028,0.008037
15000,0.760780,0.373271,0.342351,0.009768
15000,0.808708,0.375236,0.345104,0.008551
15000,0.728638,0.328032,0.313503,0.008279
15000,0.705170,0.301977,0.328244,0.006292
15000,0.699941,0.291798,0.323791,0.006252
15000,0.743245,0.294150,0.321987,0.006584
15000,0.707119,0.317938,0.323497,0.006912
15000,0.693674,0.305595,0.326759,0.006803
15000,0.697187,0.313601,0.328206,0.006788
15000,0.705161,0.284537,0.323341,0.006453
15000,0.684319,0.300578,0.318708,0.006194
15000,0.701821,0.301768,0.321820,0.007880
15000,0.712121,0.309683,0.317054,0.009421
15000,0.701166,0.301549,0.315916,0.006793
15000,0.705082,0.332414,0.319656,0.008183
15000,0.693557,0.306051,0.330876,0.006240
15000,0.727183,0.293922,0.326463,0.009563
15000,0.687180,0.311941,0.323923,0.006775
20000,1.244610,0.523705,0.561280,0.008674
20000,1.290716,0.557388,0.576566,0.012265
20000,1.261958,0.535373,0.566905,0.011569
20000,1.254196,0.527245,0.572843,0.008819
20000,1.290927,0.531353,0.575780,0.011066
20000,1.304749,0.520635,0.569060,0.011524
20000,1.269672,0.520469,0.568838,0.013030
20000,1.347904,0.541772,0.573489,0.009377
20000,1.284953,0.515718,0.567670,0.008576
20000,1.350813,0.538186,0.575210,0.011253
20000,1.293067,0.536678,0.566284,0.008494
20000,1.239945,0.513724,0.563050,0.009177
20000,1.242014,0.565275,0.593713,0.009988
20000,1.345040,0.569628,0.575566,0.013333
20000,1.312434,0.528406,0.571695,0.008481
20000,1.237375,0.511685,0.568389,0.008353
20000,1.263276,0.544330,0.577505,0.009103
20000,1.297143,0.556562,0.575713,0.011098
20000,1.313800,0.552647,0.569258,0.012939
20000,1.296441,0.539325,0.588374,0.008770
20000,1.293212,0.534210,0.570567,0.008251
20000,1.243358,0.522875,0.580893,0.008728
20000,1.306836,0.536834,0.567487,0.013284
20000,1.267721,0.508625,0.563031,0.009457
20000,1.267063,0.581236,0.581199,0.008644
20000,1.293566,0.537983,0.572942,0.010482
20000,1.274722,0.535357,0.565481,0.008621
20000,1.225725,0.507464,0.564722,0.010560
20000,1.308109,0.514578,0.555324,0.008468
20000,1.361283,0.547349,0.567703,0.008561
20000,1.330107,0.551452,0.566926,0.008643
20000,1.279022,0.589651,0.558761,0.010437
20000,1.325396,0.553242,0.609639,0.013348
20000,1.432435,0.529535,0.561309,0.008395
20000,1.245113,0.600565,0.588124,0.008664
20000,1.422447,0.521141,0.569276,0.010160
20000,1.237042,0.540540,0.566734,0.008596
20000,1.244425,0.509082,0.565125,0.008805
20000,1.218679,0.520076,0.557486,0.011189
20000,1.239690,0.536066,0.555713,0.010786
20000,1.254729,0.546925,0.582686,0.008961
20000,1.326216,0.550382,0.570376,0.008410
20000,1.387625,0.617325,0.568725,0.010424
20000,1.488037,0.667262,0.614862,0.012865
20000,1.412398,0.547970,0.570862,0.010456
20000,1.284575,0.591723,0.587460,0.011706
20000,1.280556,0.542701,0.560561,0.009242
20000,1.281403,0.530823,0.580769,0.012744
20000,1.513527,0.626618,0.577063,0.011626
20000,1.326485,0.542354,0.579162,0.009017
25000,2.238964,0.937755,0.884485,0.010282
25000,2.020784,0.842416,0.916324,0.014540
25000,2.116166,0.932505,0.916440,0.013821
25000,2.118069,0.857038,0.882033,0.011150
25000,2.150964,0.987097,0.898274,0.011946
25000,2.103740,0.904542,0.894608,0.012832
25000,2.056867,0.869614,0.931176,0.012900
25000,2.034708,0.838249,0.880159,0.012336
25000,1.929147,0.814118,0.885466,0.014229
25000,1.962049,0.821495,0.871467,0.010379
25000,1.938547,0.821133,0.888914,0.014150
25000,2.103018,1.060677,0.920677,0.011243
25000,2.113328,0.911300,0.887052,0.010395
25000,2.059465,0.796884,0.899494,0.012565
25000,2.133278,0.966086,0.945291,0.014609
25000,2.151706,0.814816,0.879148,0.011438
25000,1.998699,0.849976,0.893736,0.013174
25000,1.989481,0.831788,0.895745,0.015702
25000,2.030477,0.873763,0.901791,0.010530
25000,1.977822,0.831116,0.884679,0.010818
25000,1.987200,0.797400,0.892568,0.011808
25000,1.975264,0.832357,0.898342,0.013825
25000,1.998522,0.798268,0.884398,0.011852
25000,2.046564,0.836687,0.881743,0.010618
25000,1.986777,0.835969,0.896776,0.013386
25000,1.998671,0.807197,0.882903,0.014523
25000,1.991467,0.866047,0.913141,0.014494
25000,2.002214,0.828208,0.882009,0.012967
25000,2.065321,0.857614,0.893881,0.010540
25000,2.007408,0.907208,0.899560,0.010406
25000,2.031059,0.827665,0.876271,0.014225
25000,1.920300,0.800880,0.868946,0.013046
25000,2.021890,0.825888,0.884307,0.015043
25000,2.036203,0.841275,0.879279,0.012068
25000,2.087527,0.800226,0.882792,0.012837
25000,2.182180,0.867372,0.889766,0.015662
25000,2.120438,0.949276,0.904969,0.016329
25000,2.110443,0.912035,0.886910,0.010743
25000,2.065289,0.885572,0.934002,0.015062
25000,2.273860,1.030916,0.912643,0.014170
25000,2.218769,0.905957,0.886856,0.012375
25000,2.015796,0.840791,0.885981,0.011632
25000,2.005199,0.798981,0.875550,0.010393
25000,1.937083,0.831054,0.871805,0.011158
25000,1.971510,0.847622,0.877825,0.015705
25000,1.982741,0.861410,0.881763,0.010499
25000,1.922518,0.794324,0.870510,0.012673
25000,1.971969,0.834851,0.884870,0.010790
25000,1.930092,0.791938,0.873791,0.010484
25000,1.991869,0.829235,0.880762,0.010856
30000,2.885865,1.173026,1.273685,0.017093
30000,2.915881,1.187799,1.260435,0.013940
30000,2.829310,1.135094,1.259555,0.017831
30000,2.925288,1.172866,1.252160,0.012584
30000,2.892289,1.175862,1.263800,0.016237
30000,2.889915,1.165744,1.254438,0.012948
30000,2.951371,1.192559,1.263206,0.012580
30000,2.916652,1.224101,1.268513,0.012159
30000,2.858032,1.128218,1.259633,0.012619
30000,2.899805,1.177003,1.260054,0.012367
30000,2.913788,1.176629,1.270786,0.017162
30000,2.884184,1.183192,1.270571,0.015285
30000,2.876749,1.189968,1.302065,0.012721
30000,2.936609,1.289996,1.353177,0.014886
30000,2.967001,1.232659,1.292207,0.014179
30000,3.003515,1.214080,1.267722,0.012858
30000,2.941621,1.209772,1.266725,0.012741
30000,3.132720,1.278647,1.271454,0.013453
30000,2.996714,1.284480,1.266473,0.012588
30000,3.023484,1.173927,1.302976,0.015350
30000,3.015246,1.254509,1.272779,0.012274
30000,2.866701,1.153757,1.281237,0.014698
30000,2.868151,1.141639,1.270349,0.017637
30000,2.842835,1.162989,1.261771,0.012317
30000,2.828964,1.214917,1.267294,0.012808
30000,3.024624,1.408927,1.388436,0.018392
30000,3.485840,1.532102,1.308669,0.014236
30000,2.897055,1.411794,1.377843,0.018381
30000,3.248309,1.375606,1.395954,0.020410
30000,3.141383,1.240036,1.342628,0.017011
30000,3.194905,1.207113,1.347725,0.019661
30000,3.152254,1.370332,1.301107,0.013528
30000,2.899541,1.200705,1.304076,0.018938
30000,2.975842,1.156161,1.300756,0.012472
30000,2.894289,1.134603,1.267825,0.016750
30000,2.959676,1.164406,1.256946,0.015384
30000,2.882440,1.179061,1.269267,0.012309
30000,2.865913,1.174886,1.259592,0.018081
30000,2.943937,1.209496,1.267447,0.014684
30000,2.855352,1.165810,1.276343,0.012043
30000,2.907399,1.191760,1.269037,0.013279
30000,2.937488,1.203096,1.285236,0.015684
30000,2.945355,1.167108,1.283325,0.019065
30000,2.923999,1.185662,1.317721,0.018980
30000,3.390898,1.432704,1.354730,0.017744
30000,2.984575,1.291605,1.326433,0.016624
30000,3.166341,1.404119,1.349245,0.014551
30000,3.384781,1.324980,1.397507,0.018837
30000,3.519017,1.313548,1.342656,0.013052
30000,2.903569,1.185978,1.275145,0.017638
35000,4.268591,1.651840,1.749060,0.016528
35000,3.932153,1.636113,1.754956,0.018313
35000,4.039982,1.545388,1.722908,0.018891
35000,4.153136,1.617518,1.713968,0.019386
35000,4.154070,1.752046,1.844344,0.023320
35000,4.524304,1.915622,1.838704,0.019355
35000,4.509724,1.929440,1.836573,0.023643
35000,4.555431,2.015751,1.839589,0.021476
35000,4.657899,1.929027,1.872372,0.023128
35000,4.574598,2.058830,1.901111,0.023041
35000,4.744486,1.810032,1.783249,0.023729
35000,4.840040,1.907769,1.806049,0.023748
35000,4.438930,1.702077,1.803370,0.015521
35000,4.177496,1.635025,1.877930,0.024182
35000,4.387235,1.846737,1.828520,0.024023
35000,4.242834,1.693180,1.726111,0.016666
35000,4.310906,1.625746,1.732137,0.017820
35000,4.509586,1.615614,1.730114,0.017031
35000,4.487774,2.009635,1.784662,0.015479
35000,3.988112,1.864714,1.872384,0.022269
35000,4.500986,2.070857,1.801401,0.022522
35000,4.087670,1.991212,1.835015,0.023699
35000,4.197174,1.675271,1.729936,0.018210
35000,4.016776,1.616880,1.776064,0.018205
35000,4.621109,1.992873,1.891127,0.022393
35000,4.391967,1.989232,1.792041,0.016874
35000,4.233852,1.999212,1.800494,0.014995
35000,4.598258,2.017656,1.731387,0.014950
35000,4.403324,1.598166,1.733603,0.019985
35000,4.456555,1.922665,1.810081,0.017802
35000,4.268343,1.810598,1.751749,0.018529
35000,4.024683,1.656027,1.718562,0.019578
35000,3.865665,1.561062,1.718522,0.015806
35000,3.954524,1.578881,1.737147,0.016338
35000,3.988602,1.611278,1.721275,0.022272
35000,3.991560,1.643238,1.720633,0.015083
35000,3.996935,1.815323,1.755437,0.017483
35000,3.935744,1.547051,1.710663,0.014815
35000,4.026543,1.663831,1.722950,0.017701
35000,3.915859,1.607914,1.713446,0.015182
35000,3.959714,1.578719,1.722701,0.021535
35000,3.844362,1.637183,1.759619,0.015697
35000,3.981953,1.592660,1.773877,0.023704
35000,4.193228,1.895121,1.856668,0.019233
35000,4.515551,1.866499,1.832958,0.019069
35000,4.394578,1.850317,1.815401,0.021205
35000,4.447371,1.837457,1.797655,0.021270
35000,4.392445,1.853137,1.821146,0.021462
35000,4.463675,1.867294,1.823583,0.023391
35000,4.435653,1.877540,1.781575,0.016588
40000,5.063029,2.014087,2.225907,0.017060
40000,5.089146,2.042604,2.239622,0.017898
40000,5.161912,2.025365,2.231247,0.017239
40000,5.132508,2.046024,2.237119,0.019678
40000,5.078691,2.073462,2.258097,0.020037
40000,5.295488,2.141598,2.265294,0.017977
40000,5.155867,2.059022,2.252575,0.021452
40000,5.055204,2.062320,2.236540,0.017376
40000,5.077758,2.051246,2.239923,0.017289
40000,5.130352,2.056527,2.241324,0.022946
40000,5.262791,2.041838,2.228000,0.021811
40000,5.160970,2.101436,2.359123,0.021419
40000,5.201973,2.089528,2.253351,0.020403
40000,5.184592,2.054334,2.240833,0.018842
40000,5.150791,2.064677,2.235904,0.021563
40000,5.068006,2.047254,2.244639,0.025358
40000,5.084847,2.054346,2.227318,0.018554
40000,5.153703,2.047212,2.235611,0.018769
40000,5.141992,2.056504,2.230460,0.018712
40000,5.138440,2.029605,2.272079,0.023666
40000,5.086617,2.044159,2.240860,0.021242
40000,5.256822,2.017745,2.237997,0.020579
40000,5.090208,2.024881,2.239394,0.017665
40000,5.084370,2.192912,2.239122,0.019567
40000,5.089108,2.034968,2.244252,0.019446
40000,5.184574,2.003325,2.224835,0.018703
40000,5.092256,2.073884,2.229223,0.017303
40000,5.201631,2.068982,2.247072,0.020218
40000,5.090024,2.049672,2.233085,0.021684
40000,5.141859,2.026774,2.254071,0.017753
40000,5.116517,2.131299,2.245206,0.023386
40000,5.108945,2.020910,2.248473,0.019029
40000,5.157783,2.017195,2.228218,0.020128
40000,5.188869,2.059604,2.225772,0.019250
40000,5.071177,2.079163,2.235456,0.017447
40000,5.073443,2.030665,2.260410,0.019486
40000,5.231845,2.078458,2.230029,0.020042
40000,5.138397,2.098409,2.287425,0.017897
40000,5.111411,2.060244,2.233869,0.018102
40000,5.154531,2.088177,2.245545,0.018301
40000,5.164277,2.040869,2.247420,0.017314
40000,5.147616,2.063533,2.225056,0.021583
40000,5.126038,2.050883,2.238721,0.020110
40000,5.094453,2.075386,2.258324,0.023040
40000,5.133517,2.000679,2.235436,0.017425
40000,5.126093,2.047349,2.243947,0.021112
40000,5.055404,2.041902,2.224992,0.017448
40000,5.098770,2.068117,2.244833,0.017020
40000,5.172685,2.043823,2.242354,0.017042
40000,5.106268,2.043364,2.227425,0.018893
45000,6.431454,2.668839,2.883966,0.023708
45000,6.509584,2.635228,2.843923,0.019974
45000,6.476342,2.567231,2.853407,0.022430
45000,7.051114,2.921884,2.877633,0.019231
45000,6.791461,2.689518,2.844881,0.020029
45000,6.546725,2.639703,2.870026,0.023237
45000,6.498636,2.609355,2.844234,0.021099
45000,6.437693,2.738760,2.856847,0.024903
45000,6.833480,2.610618,2.841354,0.019250
45000,6.623568,2.600171,2.844429,0.021418
45000,6.658366,2.791641,2.861807,0.019797
45000,7.097883,3.314043,3.058133,0.029898
45000,7.315196,2.895509,3.011892,0.021066
45000,6.939027,2.755098,2.920120,0.029100
45000,7.204719,2.853001,2.900208,0.026765
45000,6.685404,2.617449,2.897487,0.027365
45000,6.937630,2.703416,2.880118,0.022293
45000,6.619276,2.665645,2.842102,0.019580
45000,6.678344,2.690246,2.841992,0.023419
45000,6.597338,2.613532,2.847186,0.021645
45000,6.735956,2.641144,2.927972,0.020093
45000,6.748838,2.701628,2.838967,0.022308
45000,6.600233,2.572850,2.843771,0.023985
45000,6.560860,2.590255,2.857957,0.027472
45000,6.567780,2.630117,2.859729,0.024173
45000,6.687662,2.557735,2.842229,0.023209
45000,6.556184,2.590518,2.823481,0.019010
45000,6.602792,2.662782,2.841424,0.020949
45000,6.524494,2.550958,2.864333,0.024792
45000,7.393968,2.658664,2.844619,0.021626
45000,6.750943,2.812381,2.892983,0.020006
45000,6.847371,2.788313,2.859541,0.026314
45000,7.136296,3.208873,3.082639,0.029982
45000,7.849588,3.366866,3.041074,0.026600
45000,7.537649,3.138676,2.922361,0.024087
45000,6.643572,2.782397,2.919617,0.029351
45000,7.525644,3.071416,2.983243,0.027920
45000,7.492889,2.972778,3.065241,0.019186
45000,6.268894,2.411224,2.769408,0.019254
45000,6.494517,2.525799,2.923700,0.019668
45000,6.695274,2.455670,2.869927,0.020689
45000,6.412028,2.611412,2.861531,0.020164
45000,6.448103,2.597533,2.810575,0.019137
45000,6.681182,3.325619,2.971310,0.023981
45000,6.410310,2.623030,2.810986,0.021363
45000,6.238407,2.478935,2.802856,0.019291
45000,6.302436,2.481310,2.791077,0.027075
45000,6.557174,2.729649,2.853258,0.021514
45000,6.561021,2.725224,2.849338,0.021882
45000,6.594236,2.518436,2.843110,0.020168
50000,7.938236,3.134714,3.482914,0.022688
50000,7.961799,3.136537,3.514590,0.024522
50000,8.151967,3.175297,3.582195,0.022239
50000,8.311267,3.872354,3.648079,0.026681
50000,8.045544,3.880053,3.583409,0.022519
50000,8.259032,3.051369,3.509317,0.033974
50000,8.811865,3.349753,3.452330,0.021055
50000,7.826099,3.034197,3.536493,0.032529
50000,8.181793,3.125063,3.692624,0.031193
50000,8.492571,3.103849,3.471715,0.022635
50000,8.255506,3.149407,3.526593,0.021377
50000,8.113269,3.133804,3.821982,0.032045
50000,8.679553,3.034098,3.533391,0.025152
50000,8.562315,4.017484,3.579259,0.021918
50000,7.937856,3.250333,3.579707,0.022985
50000,8.574661,3.115835,3.478570,0.021414
50000,7.774645,3.198692,3.471382,0.022108
50000,8.045454,3.259044,3.478280,0.023081
50000,8.058267,3.238998,3.482310,0.025777
50000,8.743044,2.983046,3.580274,0.024599
50000,8.631345,3.587435,3.696787,0.021981
50000,7.947961,3.180510,3.580756,0.021468
50000,7.977438,3.060929,3.501042,0.021152
50000,7.864628,3.076512,3.495857,0.027255
50000,8.150170,3.124762,3.455222,0.027652
50000,7.980361,3.118513,3.456082,0.023474
50000,8.140323,3.029277,3.506420,0.023553
50000,7.828515,3.133288,3.405554,0.030871
50000,7.987431,3.081186,3.491056,0.027455
50000,7.972926,3.120673,3.548530,0.022058
50000,7.972335,3.077780,3.449219,0.021086
50000,7.706826,3.182792,3.422293,0.021834
50000,8.160722,3.278342,3.634343,0.024041
50000,8.186377,3.420742,3.491130,0.023526
50000,7.953579,3.117363,3.498747,0.021537
50000,7.889679,3.203664,3.501352,0.021738
50000,7.956639,3.276662,3.414911,0.022674
50000,8.221371,3.209739,3.494894,0.021410
50000,8.016375,3.081515,3.413412,0.021442
50000,7.847632,3.271582,3.532078,0.021463
50000,7.702557,3.054003,3.418795,0.023855
50000,7.842217,3.250416,3.508250,0.021198
50000,8.255329,3.178326,3.445809,0.023381
50000,7.927798,3.034194,3.472731,0.021194
50000,7.825123,3.067218,3.467018,0.021047
50000,7.924715,3.111262,3.453195,0.024369
50000,7.778491,3.199198,3.444390,0.021893
50000,8.018441,3.050571,3.413170,0.022566
50000,7.957821,3.102785,3.478708,0.022529
50000,7.986456,3.276846,3.469906,0.023427
55000,9.341378,3.620757,4.206101,0.022747
55000,9.624313,3.661170,4.182221,0.024775
55000,9.794110,3.643504,4.237506,0.022872
55000,9.551961,3.624968,4.130357,0.023151
55000,10.627834,3.908101,4.142550,0.031340
55000,9.378982,3.582489,4.234882,0.022535
55000,9.342937,3.611860,4.136481,0.024049
55000,9.868568,3.889018,4.173125,0.023274
55000,9.591577,3.682801,4.269042,0.028082
55000,10.061413,3.716577,4.267188,0.030537
55000,9.888836,3.661071,4.167640,0.023886
55000,9.793074,3.715995,4.231475,0.024693
55000,9.569417,3.713044,4.181747,0.023845
55000,9.586289,3.685757,4.191757,0.024337
55000,9.534418,3.676817,4.182104,0.024143
55000,9.602998,3.659518,4.181498,0.023741
55000,9.539106,3.763781,4.195423,0.023789
55000,9.596265,3.715147,4.172333,0.023994
55000,9.620981,3.754658,4.182874,0.024125
55000,9.651842,3.704162,4.168891,0.024737
55000,9.838265,3.793291,4.327618,0.025351
55000,9.979107,4.013516,4.275289,0.024368
55000,9.927748,3.674267,4.137429,0.023635
55000,10.179886,3.848546,4.248186,0.024142
55000,9.709076,3.724947,4.212325,0.025247
55000,9.714275,3.791379,4.202911,0.024766
55000,9.636369,3.780477,4.189932,0.023985
55000,9.622527,3.724914,4.187378,0.027103
55000,9.601638,3.741179,4.245186,0.027373
55000,10.366715,3.692269,4.286058,0.024133
55000,9.816351,3.778639,4.213817,0.028855
55000,9.730635,3.785291,4.222896,0.030177
55000,9.788099,3.740374,4.206650,0.023764
55000,9.696330,3.744962,4.220782,0.026334
55000,9.627681,3.821444,4.207455,0.023409
55000,9.583253,3.706255,4.185324,0.026122
55000,9.707887,3.801987,4.255832,0.023543
55000,9.541307,3.819665,4.188341,0.024029
55000,9.444777,3.614012,4.148594,0.022273
55000,9.267614,3.587208,4.146477,0.023061
55000,9.368132,3.550312,4.193160,0.028319
55000,9.446601,3.662978,4.172581,0.027719
55000,9.515298,3.594416,4.136932,0.023837
55000,9.911693,3.767359,4.217085,0.026297
55000,9.547535,3.678430,4.145032,0.023972
55000,9.658669,3.751490,4.259616,0.031361
55000,9.866318,4.020009,4.178136,0.028163
55000,9.656171,3.716102,4.152556,0.028620
55000,9.507934,3.695363,4.132973,0.023273
55000,9.430285,3.738105,4.149324,0.023470
60000,11.561707,4.429502,5.053606,0.029184
60000,11.518275,4.373473,4.943735,0.024541
60000,11.389934,4.230523,4.891865,0.025905
60000,11.121366,4.409732,4.991760,0.025466
60000,11.417290,4.539569,4.913031,0.025752
60000,11.156753,4.232119,4.886207,0.026090
60000,11.104405,4.268053,5.034347,0.025179
60000,11.313890,4.218678,4.902212,0.024913
60000,11.486213,4.319271,4.920970,0.027463
60000,11.359092,4.245021,4.914012,0.024598
60000,11.071021,4.278005,4.929479,0.027155
60000,11.104351,4.280113,4.918643,0.025174
60000,11.113893,4.315738,4.893315,0.024664
60000,11.068754,4.259119,4.905220,0.025368
60000,11.745291,4.440851,5.034893,0.025611
60000,11.288346,4.396679,4.930598,0.025371
60000,11.127203,4.299235,4.885377,0.025231
60000,11.125475,4.321864,4.912646,0.024788
60000,11.081025,4.298903,4.885758,0.024840
60000,11.100822,4.259929,4.898764,0.028016
60000,11.123613,4.214917,4.921370,0.024719
60000,11.217306,4.311219,4.892412,0.025656
60000,11.078091,4.224321,4.881336,0.025437
60000,11.128362,4.321435,4.886593,0.025120
60000,11.080316,4.216766,4.893555,0.024506
60000,11.163256,4.248870,4.905392,0.030790
60000,11.452059,4.344468,4.963367,0.025314
60000,11.403171,4.312610,4.916224,0.025367
60000,11.129566,4.322168,4.951546,0.028056
60000,11.322730,4.345062,4.964247,0.026407
60000,11.289656,4.366883,4.925709,0.024551
60000,11.209624,4.247782,4.887805,0.025310
60000,11.114599,4.280949,4.895746,0.026867
60000,11.070065,4.234322,4.930505,0.025220
60000,11.121399,4.250347,4.919437,0.025127
60000,11.071911,4.266894,4.917824,0.024668
60000,11.109798,4.253065,4.907628,0.025535
60000,11.101390,4.240634,4.883379,0.024829
60000,11.132176,4.245365,4.949460,0.026014
60000,11.065298,4.271664,4.882715,0.025514
60000,11.088044,4.263719,4.888354,0.024786
60000,11.241304,4.291834,4.892767,0.025389
60000,11.043242,4.280157,4.899963,0.025856
60000,11.051269,4.240866,4.929337,0.026273
60000,11.112965,4.229274,4.869647,0.024737
60000,11.068702,4.257918,4.886357,0.025193
60000,11.093679,4.279477,4.934987,0.031864
60000,11.098487,4.219607,4.881649,0.024626
60000,11.103800,4.275665,4.880837,0.025190
60000,11.023199,4.236896,4.927314,0.025041
65000,13.078007,4.966356,5.733003,0.026579
65000,13.026578,4.997275,5.735293,0.031753
65000,13.108549,4.958798,5.739291,0.028229
65000,13.013314,5.080359,5.755776,0.027561
65000,13.046103,5.089753,5.783690,0.028019
65000,13.190046,4.980328,5.742692,0.028080
65000,13.048655,4.957126,5.710950,0.027427
65000,13.019455,4.977533,5.738226,0.026981
65000,13.162411,5.329950,5.873532,0.026595
65000,13.396180,5.269952,5.764386,0.027285
65000,13.075211,4.966045,5.751827,0.026689
65000,13.091880,5.014877,5.733938,0.027297
65000,13.058455,5.022053,5.729023,0.027838
65000,12.985890,4.998463,5.750836,0.027589
65000,13.040014,5.069155,5.723261,0.027675
65000,13.096067,4.968692,5.776301,0.027266
65000,13.406592,5.002294,5.745555,0.027798
65000,13.251075,4.999811,5.759617,0.027077
65000,13.042134,5.034160,5.717891,0.026776
65000,13.043643,4.986945,5.732174,0.027879
65000,13.003262,4.984262,5.749971,0.026457
65000,13.178451,4.968970,5.738961,0.026883
65000,13.051091,4.975759,5.731755,0.026867
65000,13.018681,5.033057,5.780797,0.028327
65000,13.100555,4.942661,5.732780,0.030237
65000,12.986045,4.933531,5.742217,0.026977
65000,13.112456,4.969088,5.758022,0.027057
65000,13.025942,5.071907,5.707487,0.028195
65000,13.016607,4.967411,5.735740,0.027768
65000,13.080482,5.057124,5.754193,0.027460
65000,13.050921,4.996537,5.737792,0.032310
65000,13.000070,4.967426,5.765795,0.027429
65000,13.000639,4.967437,5.754992,0.029247
65000,13.042480,4.953800,5.734045,0.032842
65000,13.136543,5.068312,5.720797,0.027032
65000,13.090076,4.995280,5.748215,0.028847
65000,13.119721,4.979203,5.764574,0.026998
65000,13.001086,4.955418,5.715328,0.026343
65000,13.091189,4.991324,5.765892,0.027024
65000,13.046004,4.994676,5.747488,0.027022
65000,12.953653,5.019450,5.767369,0.026209
65000,13.023924,4.985441,5.763012,0.027704
65000,13.187451,4.994979,5.739721,0.026797
65000,13.042986,4.965180,5.730389,0.026957
65000,13.058332,4.969412,5.732693,0.026819
65000,13.033930,4.978815,5.756544,0.026647
65000,13.014953,4.963123,5.790834,0.027945
65000,13.007580,4.958869,5.723107,0.026885
65000,13.107041,5.019675,5.735379,0.028860
65000,13.025367,5.038472,5.734679,0.026827
70000,15.102545,5.869725,6.641271,0.029767
70000,15.133405,5.833637,6.637804,0.029785
70000,15.180475,5.834712,6.664089,0.035068
70000,15.205392,5.966832,6.623711,0.030069
70000,15.258229,5.795631,6.652601,0.029974
70000,16.253061,5.970407,6.666542,0.032487
70000,15.318378,5.764117,6.652708,0.030477
70000,15.125176,5.810640,6.661807,0.031001
70000,15.198082,5.772646,6.650758,0.029776
70000,15.137213,5.741466,6.693357,0.030756
70000,15.200530,5.782921,6.644954,0.033889
70000,15.237495,5.810622,6.664198,0.031524
70000,15.161731,5.783080,6.638112,0.030474
70000,15.212856,5.838895,6.661587,0.031834
70000,15.324947,5.789020,6.656994,0.034230
70000,15.173765,5.740690,6.659115,0.029831
70000,15.223176,5.783688,6.658262,0.030610
70000,15.216063,5.782409,6.655158,0.030336
70000,15.654176,5.863344,6.637650,0.029984
70000,15.234421,5.805561,6.651004,0.029669
70000,15.237042,5.739162,6.656874,0.036467
70000,15.178573,5.744583,6.669696,0.030260
70000,15.152023,5.867467,6.675925,0.030036
70000,15.182014,5.796647,6.742929,0.030791
70000,15.194864,5.767958,6.690074,0.030099
70000,15.182306,5.755723,6.706957,0.030544
70000,15.111573,5.740605,6.691974,0.038532
70000,15.198028,5.801821,6.678939,0.034558
70000,15.210363,5.771141,6.677563,0.045390
70000,15.167128,5.744352,6.633261,0.030805
70000,15.161498,5.814480,6.646375,0.030219
70000,15.288784,5.799633,6.651926,0.029967
70000,15.157506,5.791235,6.623779,0.030376
70000,15.186938,5.739182,6.637536,0.029543
70000,15.111891,5.835039,6.661457,0.031777
70000,15.133978,6.009234,6.682350,0.030472
70000,15.160921,5.833169,6.711865,0.029879
70000,15.196364,5.807827,6.637583,0.029713
70000,15.173353,5.772538,6.671893,0.031050
70000,15.153234,5.872038,6.692985,0.033273
70000,15.102005,5.740362,6.676228,0.030714
70000,15.107771,5.834183,6.655435,0.029403
70000,15.141072,5.820394,6.673642,0.031234
70000,15.113822,5.862617,6.661231,0.029973
70000,15.163844,5.754293,6.625512,0.031287
70000,15.129890,5.807942,6.656418,0.030905
70000,15.193360,5.764932,6.655006,0.030534
70000,15.178945,5.710649,6.642332,0.030096
70000,15.320581,5.833313,6.656275,0.030537
70000,15.238679,5.768160,6.640988,0.034063
75000,17.601266,6.629744,7.647023,0.032581
75000,17.396892,6.623549,7.634195,0.032875
75000,17.521004,6.633995,7.620777,0.031863
75000,17.589943,6.622598,7.634933,0.032476
75000,17.503974,6.647408,7.633006,0.037401
75000,17.433519,6.625865,7.684402,0.032096
75000,17.498605,6.670519,7.652292,0.036273
75000,17.359105,6.637508,7.647152,0.032248
75000,17.488238,6.678400,7.616133,0.034385
75000,17.422412,6.679008,7.632631,0.032754
75000,17.435931,6.701020,7.614185,0.033278
75000,17.493369,6.592504,7.652136,0.031727
75000,17.384458,6.631915,7.636045,0.033458
75000,17.575163,6.623008,7.657281,0.032210
75000,17.436355,6.692076,7.635609,0.032777
75000,17.537629,6.623502,7.625219,0.034702
75000,17.398663,6.654304,7.635140,0.032266
75000,17.481925,6.684325,7.647756,0.033474
75000,17.485524,6.658717,7.666251,0.032746
75000,17.437313,6.611511,7.630542,0.032059
75000,17.419788,6.574778,7.674754,0.033507
75000,17.561496,6.615828,7.650512,0.032167
75000,17.384345,6.687566,7.630345,0.032715
75000,17.479654,6.654570,7.627502,0.032562
75000,17.566420,6.761120,7.677679,0.032892
75000,17.468254,6.611888,7.606774,0.033020
75000,17.576204,6.602816,7.645727,0.032567
75000,17.548192,6.649236,7.648976,0.031797
75000,17.550181,6.583395,7.626803,0.034285
75000,17.504056,6.664697,7.629519,0.032495
75000,17.538218,6.640864,7.621623,0.032574
75000,17.417013,6.765981,7.647384,0.033067
75000,17.480621,6.617446,7.669564,0.032382
75000,17.467937,6.613321,7.752751,0.031867
75000,17.488608,6.635610,7.621506,0.035676
75000,17.391190,6.685653,7.630726,0.032640
75000,17.532320,6.673994,7.622759,0.034107
75000,17.458748,6.674890,7.680973,0.033831
75000,17.497827,6.630181,7.615244,0.032520
75000,17.416733,6.719357,7.631674,0.032616
75000,17.398547,6.611567,7.680444,0.032617
75000,17.443708,6.637614,7.624586,0.032593
75000,17.372642,6.598673,7.735657,0.032891
75000,17.676185,6.622340,7.639254,0.032733
75000,17.490937,6.668994,7.685873,0.033089
75000,17.436246,6.651297,7.640429,0.032087
75000,17.423895,6.709667,7.655858,0.032486
75000,17.435213,6.595129,7.667479,0.032418
75000,17.506654,6.685812,7.642839,0.032726
75000,17.366108,6.604686,7.631135,0.032838
80000,19.874954,7.560397,8.682122,0.034030
80000,19.893206,7.550024,8.673672,0.034663
80000,19.962619,7.581522,8.687541,0.035816
80000,19.969532,7.605512,8.687850,0.035267
80000,19.927603,7.604424,8.681043,0.034269
80000,19.913512,7.537795,8.690535,0.035973
80000,19.847636,7.513435,8.768880,0.036461
80000,19.938017,7.558575,8.692622,0.034323
80000,19.960667,7.571055,8.697416,0.035004
80000,19.861704,7.463920,8.655295,0.034419
80000,20.055250,7.585899,8.685501,0.034219
80000,19.913692,7.606372,8.683821,0.034482
80000,19.888802,7.554545,8.685018,0.037765
80000,19.862854,7.559799,8.725810,0.037370
80000,19.947181,7.541913,8.678683,0.034505
80000,20.004774,7.534562,8.685491,0.034133
80000,19.852046,7.588969,8.726550,0.035492
80000,19.825712,7.602838,8.691750,0.034615
80000,19.913270,7.598767,8.673817,0.034455
80000,19.961293,7.514103,8.735291,0.038244
80000,19.932312,7.545976,8.707442,0.035608
80000,19.929242,7.661284,8.669800,0.034282
80000,19.769854,7.532452,8.721299,0.036254
80000,19.976582,7.600867,8.681142,0.034863
80000,19.909682,7.586099,8.710681,0.034539
80000,19.833502,7.468424,8.700335,0.034475
80000,19.872637,7.671452,8.708432,0.036427
80000,19.859087,7.560531,8.698865,0.033705
80000,19.914908,7.594719,8.683914,0.034974
80000,19.875573,7.661117,8.709975,0.035584
80000,19.921812,7.619661,8.662731,0.034308
80000,19.954868,7.523287,8.707171,0.034980
80000,19.932757,7.639146,8.715070,0.038209
80000,19.868954,7.545148,8.679477,0.034049
80000,19.868356,7.570282,8.690749,0.034312
80000,19.898309,7.837722,8.805199,0.036945
80000,20.141318,7.576223,8.755042,0.036506
80000,19.985311,7.551172,8.700453,0.034558
80000,19.943317,7.518099,8.709336,0.035241
80000,19.848951,7.610190,8.718092,0.035071
80000,19.877849,7.603998,8.679261,0.035200
80000,20.007320,7.551647,8.679710,0.036359
80000,19.886867,7.534878,8.768729,0.044770
80000,19.962911,7.567408,8.683005,0.034424
80000,19.882984,7.594140,8.694506,0.034507
80000,20.074144,7.681614,8.753727,0.035319
80000,20.091030,7.526458,8.664980,0.034622
80000,19.873651,7.577935,8.673221,0.035644
80000,19.897691,7.554016,8.710616,0.034961
80000,19.908356,7.621476,8.667708,0.036087
85000,22.587247,8.543723,9.830925,0.038603
85000,22.799010,8.520407,9.804921,0.037685
85000,22.628824,8.600863,9.834095,0.038834
85000,22.622678,8.566103,9.814402,0.037127
85000,22.938300,8.720662,10.003396,0.038407
85000,22.679975,8.546654,9.824714,0.038908
85000,22.510495,8.560965,9.802796,0.037790
85000,22.456146,8.504780,9.842836,0.037893
85000,22.806390,8.616924,9.796754,0.040724
85000,22.521981,8.495656,9.844814,0.039893
85000,22.522421,8.560835,9.837539,0.038319
85000,22.576594,8.575303,9.828924,0.038036
85000,22.486276,8.594441,9.824853,0.037615
85000,22.596780,8.618735,9.820737,0.039598
85000,22.482818,8.572736,9.850033,0.036922
85000,22.580901,8.587648,9.802951,0.040111
85000,22.538732,8.542729,9.809394,0.037947
85000,22.527309,8.571205,9.805599,0.037515
85000,22.467682,8.555094,9.805411,0.036218
85000,22.560881,8.521873,9.854463,0.036153
85000,22.577654,8.504940,9.825866,0.036436
85000,22.552653,8.510106,9.893733,0.038403
85000,22.493293,8.496322,9.854614,0.037185
85000,22.618502,8.607600,9.809325,0.037107
85000,22.632828,8.543685,9.811847,0.038967
85000,22.565379,8.541693,9.797872,0.038741
85000,22.465625,8.600010,9.852404,0.036306
85000,22.607351,8.539194,9.802026,0.036530
85000,22.646417,8.551888,9.791201,0.037180
85000,22.463620,8.638662,9.798371,0.036599
85000,22.469651,8.610849,9.836252,0.037538
85000,22.643241,8.593626,9.826628,0.036220
85000,22.553814,8.506822,9.783421,0.037756
85000,22.527381,8.627908,9.798467,0.037894
85000,22.580158,8.605901,9.841606,0.036351
85000,22.480996,8.625515,9.789362,0.038978
85000,22.587572,8.546980,9.856169,0.037944
85000,22.597686,8.562927,9.807324,0.041256
85000,22.551943,8.556236,9.809304,0.038329
85000,22.516529,8.581085,9.803445,0.037357
85000,22.530115,8.529900,9.808827,0.038357
85000,22.545795,8.589824,9.833090,0.036795
85000,22.495376,8.610114,9.829221,0.037026
85000,22.525355,8.531260,9.822841,0.036014
85000,22.748457,8.516037,9.780934,0.037337
85000,22.510312,8.561771,9.809777,0.038011
85000,22.485370,8.609426,9.834468,0.036719
85000,22.554291,8.495556,9.881673,0.038794
85000,22.496572,8.536772,9.788231,0.036478
85000,22.490580,8.479592,9.817741,0.039302
90000,25.307120,9.643446,10.959622,0.039604
90000,25.327438,9.627180,11.029743,0.037971
90000,25.292452,9.618814,10.999150,0.038535
90000,25.257719,9.742834,10.992987,0.038279
90000,25.502818,9.603729,11.008753,0.039382
90000,25.238528,9.567368,10.975273,0.038708
90000,25.243126,9.587169,10.997134,0.038966
90000,25.295705,9.653272,11.002371,0.037982
90000,25.272570,9.603275,11.026662,0.039135
90000,25.300302,9.546660,10.998023,0.041344
90000,25.340409,9.531193,11.025205,0.042653
90000,25.216100,9.662456,10.997820,0.037755
90000,25.289209,9.587766,10.999322,0.039308
90000,25.213139,9.536281,11.034268,0.039253
90000,25.286103,9.608955,11.032696,0.039562
90000,25.294434,9.524991,11.011752,0.038670
90000,25.309093,9.592714,11.046645,0.040909
90000,25.417311,9.549264,11.010459,0.038864
90000,25.229616,9.709584,10.972197,0.039225
90000,25.298688,9.516805,11.110425,0.046226
90000,25.242301,9.539266,11.020793,0.040418
90000,25.285899,9.607745,10.988724,0.038599
90000,25.313261,9.532788,11.002681,0.038253
90000,25.300730,9.602521,11.006935,0.039079
90000,25.405019,9.524661,11.018470,0.041736
90000,25.372679,9.507931,11.024565,0.038814
90000,25.310688,9.564732,11.027647,0.038708
90000,25.254536,9.631318,10.982302,0.038743
90000,25.273101,9.544839,11.034910,0.039196
90000,25.284830,9.583480,11.022459,0.038202
90000,25.316615,9.639494,10.969931,0.040954
90000,25.445173,9.598781,10.955601,0.039722
90000,25.249025,9.539789,10.995390,0.038048
90000,25.401037,9.527180,10.965448,0.038493
90000,25.360116,9.542292,10.977637,0.039890
90000,25.266560,9.616732,11.059619,0.039086
90000,25.302514,9.546173,10.991928,0.040294
90000,25.374837,9.589026,11.072622,0.042381
90000,25.267496,9.572742,11.012461,0.043839
90000,25.160329,9.677964,11.065513,0.037784
90000,25.184663,9.651027,10.999282,0.041276
90000,25.358125,9.564474,11.019870,0.039313
90000,25.196212,9.593142,10.981599,0.042715
90000,25.141602,9.638705,11.156906,0.039918
90000,25.266821,9.573505,11.052247,0.039138
90000,25.436652,9.685917,11.051749,0.040407
90000,25.790265,9.851064,11.069418,0.039542
90000,25.307834,9.621463,11.085160,0.039210
90000,25.516656,9.837565,10.986558,0.039438
90000,25.205891,9.639327,11.046682,0.038359
95000,28.549798,10.754062,12.295639,0.040353
95000,28.242439,10.600615,12.236961,0.041404
95000,28.293887,10.622284,12.236760,0.043460
95000,28.253732,10.733665,12.210996,0.041992
95000,28.249342,10.651725,12.291944,0.040898
95000,28.199752,10.679228,12.286651,0.041588
95000,28.159354,10.641968,12.345819,0.040705
95000,28.072460,10.637515,12.253703,0.041064
95000,28.152205,10.637930,12.221482,0.041437
95000,28.352067,10.648455,12.251952,0.042933
95000,28.168478,10.740015,12.275659,0.041100
95000,28.171147,10.726687,12.234211,0.043536
95000,28.293887,10.722858,12.297067,0.046846
95000,28.086080,10.737004,12.368629,0.045504
95000,28.150647,10.800419,12.254560,0.041125
95000,28.158560,10.661615,12.251790,0.041694
95000,28.349318,10.674463,12.295234,0.041074
95000,28.354941,10.590223,12.203578,0.041095
95000,28.205905,10.695099,12.248404,0.042729
95000,28.179959,10.758144,12.295815,0.041967
95000,28.103872,10.766422,12.221639,0.042663
95000,28.217900,10.682231,12.304330,0.041783
95000,28.136726,10.655910,12.269036,0.042044
95000,28.267829,10.690179,12.266685,0.040942
95000,28.281380,10.587607,12.203645,0.054490
95000,28.637961,10.600248,12.230782,0.041239
95000,28.174927,10.678658,12.271617,0.042037
95000,28.338220,10.711067,12.213664,0.041739
95000,28.133324,10.667705,12.240545,0.041034
95000,28.208844,10.664621,12.269024,0.042768
95000,28.260992,10.725828,12.281099,0.040869
95000,28.237956,10.707927,12.191780,0.041313
95000,28.184781,10.718695,12.251530,0.040753
95000,28.191102,10.637452,12.193881,0.040920
95000,28.338005,10.627706,12.241668,0.042039
95000,28.197840,10.694744,12.270525,0.042924
95000,28.364810,10.593076,12.276262,0.044701
95000,28.207960,10.672824,12.255323,0.043947
95000,28.252335,10.600188,12.275490,0.042908
95000,28.250667,10.643990,12.249960,0.044181
95000,28.247755,10.594135,12.254903,0.040867
95000,28.294044,10.693173,12.289675,0.041728
95000,28.326154,10.796241,12.252942,0.040866
95000,28.282395,10.713336,12.269697,0.042009
95000,28.319874,10.746695,12.291625,0.048959
95000,28.162515,10.703535,12.224267,0.043073
95000,28.297752,10.621369,12.233064,0.041616
95000,28.348219,10.694038,12.298459,0.040376
95000,28.298630,10.712267,12.277848,0.041661
95000,28.208001,10.611346,12.247286,0.041441
100000,31.353811,11.968531,13.582539,0.044622
100000,31.329678,11.881694,13.560299,0.044475
100000,31.325952,11.887642,13.603282,0.044781
100000,31.366502,11.838237,13.647178,0.043654
100000,31.248376,11.766613,13.589953,0.049621
100000,31.389891,11.862602,13.584971,0.043206
100000,31.414314,11.755899,13.609579,0.043263
100000,31.214472,12.267953,13.712195,0.043890
100000,31.268931,11.764624,13.620625,0.043492
100000,31.229748,11.769451,13.575922,0.046529
100000,31.787624,11.820853,13.563663,0.043467
100000,31.311009,11.910799,13.606481,0.043087
100000,31.303178,11.843286,13.559653,0.043823
100000,31.213998,11.797232,13.597803,0.045649
100000,31.600876,11.775618,13.549588,0.044478
100000,31.369453,11.925840,13.576643,0.043847
100000,31.342531,11.829477,13.538815,0.043739
100000,31.322562,11.800315,13.573267,0.045863
100000,31.335884,11.864160,13.550675,0.043472
100000,31.286411,11.833811,13.617332,0.043681
100000,31.261827,11.771462,13.588813,0.042694
100000,31.352123,11.850683,13.557170,0.043854
100000,31.221121,11.953947,13.540952,0.043039
100000,31.382078,11.837372,13.609027,0.064550
100000,31.445161,11.735612,13.511147,0.044409
100000,31.390085,12.059574,13.584026,0.044043
100000,31.189528,11.821310,13.554821,0.041854
100000,31.404799,11.800496,13.549365,0.042850
100000,31.251642,11.833139,13.564775,0.049279
100000,31.254243,11.809171,13.516998,0.043558
100000,31.337480,11.836463,13.615914,0.042404
100000,31.320913,11.764478,13.603788,0.048025
100000,31.117909,11.764349,13.628817,0.043705
100000,31.118291,11.758740,13.588208,0.053499
100000,31.298440,11.771977,13.556809,0.043964
100000,31.207147,11.871815,13.554055,0.043132
100000,31.486221,11.718419,13.538665,0.042487
100000,31.325740,11.825983,13.566475,0.043139
100000,31.325936,11.867026,13.535172,0.052673
100000,31.290394,11.732980,13.531440,0.043723
100000,31.303371,11.762071,13.522501,0.046846
100000,31.286687,11.880538,13.567494,0.043367
100000,31.165959,11.755644,13.587697,0.045267
100000,31.233311,11.722454,13.545131,0.042678
100000,31.207796,11.785072,13.534958,0.043717
100000,31.316662,11.844385,13.550883,0.042506
100000,31.216822,11.786225,13.587277,0.042764
100000,31.257976,11.770398,13.555791,0.043261
100000,31.236506,11.826909,13.554402,0.043563
100000,31.199194,11.857364,13.564219,0.043973